model_key,sample_size,outer_fold,projected,raw,delta_nRMSE,relative_change_percent,projection_improved
adaboost_regressor,500,0,0.5236224031921294,0.5064178700960763,0.017204533096053076,3.397299762109318,False
adaboost_regressor,500,1,0.5888510941499245,0.5707252468014999,0.018125847348424595,3.1759322809016757,False
adaboost_regressor,500,2,0.5713389176915243,0.559749436970646,0.011589480720878287,2.0704765302847554,False
adaboost_regressor,500,3,0.5443361636972216,0.5291949094708562,0.015141254226365364,2.861186673451783,False
adaboost_regressor,500,4,0.6404591321129742,0.5822745544751172,0.058184577637857005,9.992636152597571,False
adaboost_regressor,1450,0,0.5760183483826338,0.5563118838267322,0.019706464555901526,3.542341109153667,False
adaboost_regressor,1450,1,0.5638636587935895,0.5439330547445812,0.01993060404900826,3.664164895874406,False
adaboost_regressor,1450,2,0.6722559059600571,0.5090093540232736,0.1632465519367835,32.07142474818239,False
adaboost_regressor,1450,3,0.5205029607347248,0.5040983652597174,0.01640459547500739,3.2542449262963884,False
adaboost_regressor,1450,4,0.550096953861819,0.5075146665047624,0.0425822873570566,8.390356016766862,False
adaboost_regressor,2400,0,0.541602285494532,0.5187754167686044,0.02282686872592765,4.400144646042353,False
adaboost_regressor,2400,1,0.6045305474961522,0.5791159382385956,0.025414609257556564,4.388518356938357,False
adaboost_regressor,2400,2,0.7210816482340359,0.5218620499424511,0.19921959829158475,38.17476252844097,False
adaboost_regressor,2400,3,0.5498575683985514,0.5155662406974447,0.034291327701106655,6.651197265111508,False
adaboost_regressor,2400,4,0.5373813465227643,0.5086525774617161,0.028728769061048154,5.648014053995516,False
adaboost_regressor,3350,0,0.5682113737908385,0.5293615333571098,0.038849840433728744,7.338999527855844,False
adaboost_regressor,3350,1,0.5764222421526758,0.5566711067315201,0.019751135421155697,3.548079859420758,False
adaboost_regressor,3350,2,0.6924298790021838,0.5131886129435612,0.17924126605862256,34.926976463979905,False
adaboost_regressor,3350,3,0.553599330063231,0.5219737629888195,0.031625567074411554,6.058842286118692,False
adaboost_regressor,3350,4,0.5394661394237994,0.505740732759741,0.03372540666405843,6.66851698498253,False
adaboost_regressor,4300,0,0.5623350962912083,0.5244162723859763,0.037918823905231935,7.230672635826077,False
adaboost_regressor,4300,1,0.5575806385802247,0.5380935182561468,0.019487120324077845,3.6215118121533396,False
adaboost_regressor,4300,2,0.6563966253313794,0.5121277011741516,0.1442689241572278,28.17049806649073,False
adaboost_regressor,4300,3,0.5778603198267516,0.5489986585820827,0.028861661244668824,5.257146040977733,False
adaboost_regressor,4300,4,0.553498884326731,0.5215322592552734,0.031966625071457644,6.129366784924229,False
adaboost_regressor,5250,0,0.5616304890095124,0.5277017430824794,0.03392874592703299,6.429530766535662,False
adaboost_regressor,5250,1,0.5546095652427199,0.5342513077962239,0.020358257446495998,3.8106144335843384,False
adaboost_regressor,5250,2,0.6676219797185466,0.522124805635307,0.1454971740832396,27.86635925221033,False
adaboost_regressor,5250,3,0.5536757145226212,0.5226551963548511,0.031020518167770073,5.935178370772196,False
adaboost_regressor,5250,4,0.5872201079229967,0.5245834292334964,0.06263667868950029,11.940270164656724,False
adaboost_regressor,6200,0,0.5612987044338289,0.5300370127333431,0.03126169170048576,5.898020506015726,False
adaboost_regressor,6200,1,0.5548577727902608,0.5347673109879,0.02009046180236085,3.756860486712777,False
adaboost_regressor,6200,2,0.6316159511884722,0.5189185411380203,0.11269741005045197,21.71774587265655,False
adaboost_regressor,6200,3,0.5508704656868072,0.5212044176846597,0.02966604800214745,5.691825893175001,False
adaboost_regressor,6200,4,0.6319686552076286,0.5190813857557554,0.11288726945187322,21.747508685466585,False
adaboost_regressor,7150,0,0.5596468284859508,0.5287911445009303,0.030855683985020477,5.8351362926362675,False
adaboost_regressor,7150,1,0.5499919688972157,0.5283832604988908,0.02160870839832485,4.089589889339465,False
adaboost_regressor,7150,2,0.6262907034242239,0.520975573248769,0.10531513017545491,20.214984268593778,False
adaboost_regressor,7150,3,0.5568748717595045,0.5287673782773991,0.028107493482105395,5.315663302390753,False
adaboost_regressor,7150,4,0.6174372991177152,0.5169202352474668,0.10051706387024839,19.44537222887542,False
adaboost_regressor,8100,0,0.5947945249775,0.5236518646469681,0.07114266033053185,13.58586976072248,False
adaboost_regressor,8100,1,0.5443335742378007,0.5235373100385134,0.020796264199287262,3.9722602000910703,False
adaboost_regressor,8100,2,0.6322410486298397,0.5301365973049542,0.10210445132488544,19.26002691456353,False
adaboost_regressor,8100,3,0.5547003834384806,0.5263038913111845,0.028396492127296113,5.395455476597701,False
adaboost_regressor,8100,4,0.609404080471474,0.5186207277386176,0.09078335273285643,17.504767526108367,False
adaboost_regressor,9050,0,0.598661560504015,0.523113257612048,0.07554830289196701,14.442054716188297,False
adaboost_regressor,9050,1,0.5399292363368711,0.5202675675616214,0.019661668775249663,3.779145578379898,False
adaboost_regressor,9050,2,0.6323755360847931,0.5332465539662208,0.09912898211857235,18.58970890318249,False
adaboost_regressor,9050,3,0.5592494558676004,0.5295258342026655,0.02972362166493492,5.613252412829171,False
adaboost_regressor,9050,4,0.6001622164835353,0.5196903174730894,0.08047189901044594,15.48458693664481,False
adaboost_regressor,10000,0,0.5899946415839928,0.5231874397774875,0.06680720180650535,12.769267135869807,False
adaboost_regressor,10000,1,0.5452636640395135,0.5254763823183238,0.01978728172118971,3.765589165756824,False
adaboost_regressor,10000,2,0.6166286630512544,0.5318932536831542,0.0847354093681002,15.930905079419675,False
adaboost_regressor,10000,3,0.5610557050929569,0.5241641163356936,0.03689158875726328,7.038175183597761,False
adaboost_regressor,10000,4,0.5929809793285081,0.52045297498317,0.07252800434533813,13.935553802470526,False
ann_deep_regressor,500,0,0.4902044957306394,0.5262411600231603,-0.03603666429252095,-6.84793722538445,True
ann_deep_regressor,500,1,0.47399981252631734,0.5105251618973489,-0.036525349371031524,-7.154466047331799,True
ann_deep_regressor,500,2,1.0714763053992455,0.5693668369476997,0.5021094684515458,88.18734001848232,False
ann_deep_regressor,500,3,0.4425700936146309,0.4567119992030028,-0.014141905588371917,-3.096460266656146,True
ann_deep_regressor,500,4,0.5361284845121215,0.5593765338429545,-0.02324804933083302,-4.156064461824553,True
ann_deep_regressor,1450,0,0.3839107666953474,0.39083114125144053,-0.006920374556093123,-1.7706814595004117,True
ann_deep_regressor,1450,1,0.39557580352898153,0.40649380904900523,-0.0109180055200237,-2.6858971224104105,True
ann_deep_regressor,1450,2,0.2963567416462268,0.3100184862879788,-0.013661744641752016,-4.406751611922105,True
ann_deep_regressor,1450,3,0.29960081791264626,0.308162784031934,-0.008561966119287723,-2.778390695743608,True
ann_deep_regressor,1450,4,0.31311779188240463,0.32475324169265724,-0.011635449810252607,-3.5828587113117303,True
ann_deep_regressor,2400,0,0.25805215352600563,0.2615827202948763,-0.0035305667688706466,-1.3496941865619865,True
ann_deep_regressor,2400,1,0.3713644454350928,0.3752415447669383,-0.0038770993318454905,-1.033227633217838,True
ann_deep_regressor,2400,2,0.22010535495640499,0.22506222857063582,-0.004956873614230833,-2.202445806082969,True
ann_deep_regressor,2400,3,0.22626308837983944,0.23245012660973385,-0.006187038229894415,-2.661662662925533,True
ann_deep_regressor,2400,4,0.2406579720067051,0.24762136756169167,-0.006963395554986568,-2.812114165895529,True
ann_deep_regressor,3350,0,0.23007920780202518,0.23166967118995901,-0.0015904633879338381,-0.6865220552023521,True
ann_deep_regressor,3350,1,0.2817183232187757,0.28425154348660253,-0.002533220267826819,-0.8911896261862219,True
ann_deep_regressor,3350,2,0.18669689553403981,0.19204310553794834,-0.00534621000390853,-2.7838593783061385,True
ann_deep_regressor,3350,3,0.1943170090604945,0.1998600776101731,-0.0055430685496785925,-2.7734746308316476,True
ann_deep_regressor,3350,4,0.20067759258420204,0.20544377606160258,-0.004766183477400543,-2.319945421939381,True
ann_deep_regressor,4300,0,0.17293163155838082,0.1734335010900427,-0.0005018695316618971,-0.2893728884601931,True
ann_deep_regressor,4300,1,0.22280070000682636,0.22462093954288123,-0.0018202395360548684,-0.8103605744678919,True
ann_deep_regressor,4300,2,0.17346005953919238,0.17852209647305015,-0.005062036933857761,-2.835524024120975,True
ann_deep_regressor,4300,3,0.1801458964688106,0.18314442551144314,-0.002998529042632536,-1.6372483269741582,True
ann_deep_regressor,4300,4,0.22724141453412253,0.2295268211190057,-0.0022854065848831595,-0.9957034971953085,True
ann_deep_regressor,5250,0,0.16126953467449573,0.1640170810274581,-0.002747546352962371,-1.675158669908535,True
ann_deep_regressor,5250,1,0.2158090681393913,0.21777553537569924,-0.001966467236307945,-0.9029789470683471,True
ann_deep_regressor,5250,2,0.21319461072031204,0.14901521343898982,0.06417939728132221,43.069023491080465,False
ann_deep_regressor,5250,3,0.17566763945672687,0.17671915972912347,-0.0010515202723966055,-0.5950233545747864,True
ann_deep_regressor,5250,4,0.23225944303032378,0.2216371010752958,0.01062234195502798,4.792673204753431,False
ann_deep_regressor,6200,0,0.17377047845115762,0.17486846509459464,-0.0010979866434370211,-0.6278928809966211,True
ann_deep_regressor,6200,1,0.21480992205476876,0.2152108139748667,-0.00040089192009792884,-0.18627870630364646,True
ann_deep_regressor,6200,2,0.14942858531896464,0.1512292292516909,-0.0018006439327262758,-1.1906718969845855,True
ann_deep_regressor,6200,3,0.1652167600666158,0.16648817520613277,-0.0012714151395169793,-0.7636669318663691,True
ann_deep_regressor,6200,4,0.18361420904150624,0.18596988384855645,-0.0023556748070502065,-1.2666969287180592,True
ann_deep_regressor,7150,0,0.14664287242316199,0.14929743839861168,-0.002654565975449691,-1.7780385276016737,True
ann_deep_regressor,7150,1,0.17306976539086896,0.17513098652852416,-0.0020612211376551948,-1.1769597022851674,True
ann_deep_regressor,7150,2,0.18989608221809934,0.13615834761783957,0.05373773460025977,39.46708779919051,False
ann_deep_regressor,7150,3,0.15605686381628336,0.15699963456308422,-0.0009427707468008528,-0.60049231924934,True
ann_deep_regressor,7150,4,0.17433696957222894,0.1766979232672441,-0.0023609536950151555,-1.336152486322302,True
ann_deep_regressor,8100,0,0.15598644672589798,0.15847885311689147,-0.00249240639099349,-1.5727059743138923,True
ann_deep_regressor,8100,1,0.1912679902352524,0.19103280556360827,0.0002351846716441286,0.12311219057389547,False
ann_deep_regressor,8100,2,0.14387006798548554,0.14485313871632952,-0.0009830707308439712,-0.6786671932384909,True
ann_deep_regressor,8100,3,0.14204623125188487,0.14275846240452206,-0.0007122311526371883,-0.49890643303442267,True
ann_deep_regressor,8100,4,0.1619343651743649,0.16369346226622222,-0.0017590970918573146,-1.0746288016050476,True
ann_deep_regressor,9050,0,0.1343266674136354,0.1355534255724316,-0.0012267581587962206,-0.9049997472330309,True
ann_deep_regressor,9050,1,0.14875177370427556,0.15045744792615226,-0.0017056742218767018,-1.1336588818879099,True
ann_deep_regressor,9050,2,0.1543768853089373,0.155898888779764,-0.0015220034708266772,-0.9762760227090448,True
ann_deep_regressor,9050,3,0.15165615144845523,0.15302008360303065,-0.0013639321545754202,-0.8913419222236045,True
ann_deep_regressor,9050,4,0.1511126877288141,0.1533695466997537,-0.002256858970939607,-1.471517012016592,True
ann_deep_regressor,10000,0,0.1274073539146965,0.12912023948577614,-0.0017128855710796531,-1.3265817798210824,True
ann_deep_regressor,10000,1,0.15511019601249437,0.15641799819830463,-0.0013078021858102529,-0.8360944398177497,True
ann_deep_regressor,10000,2,0.15331981271541842,0.15585134190449834,-0.002531529189079923,-1.6243229978931963,True
ann_deep_regressor,10000,3,0.15162248462329372,0.15246423289244834,-0.0008417482691546185,-0.5520955657504317,True
ann_deep_regressor,10000,4,0.1563260849631718,0.1577931697635534,-0.0014670848003816017,-0.9297517773297591,True
catboost_regressor,500,0,0.4463220698018459,0.44469878891788256,0.0016232808839633517,0.3650293017242969,False
catboost_regressor,500,1,0.49083588511075454,0.48646819975469463,0.004367685356059914,0.8978357389573158,False
catboost_regressor,500,2,0.5371196317349914,0.541840208634027,-0.0047205768990356,-0.8712119964179329,True
catboost_regressor,500,3,0.47223064958223443,0.4764519912629109,-0.004221341680676449,-0.8859951806449837,True
catboost_regressor,500,4,0.6430402106620712,0.513777782299634,0.12926242836243718,25.15920945118869,False
catboost_regressor,1450,0,0.3922310123999784,0.39088874346922364,0.0013422689307547309,0.3433889957643187,False
catboost_regressor,1450,1,0.3624200086093229,0.361921787964981,0.0004982206443419068,0.13765975437491867,False
catboost_regressor,1450,2,0.5054274876177931,0.33041157874562654,0.17501590887216656,52.96906044775925,False
catboost_regressor,1450,3,0.3372866755786453,0.3372864549462491,2.2063239618619335e-07,6.541395094604494e-05,False
catboost_regressor,1450,4,0.33455573097502395,0.33646546755472295,-0.0019097365796990062,-0.5675876914139504,True
catboost_regressor,2400,0,0.3133460041404769,0.31282636547912535,0.0005196386613515735,0.16611089047935398,False
catboost_regressor,2400,1,0.37983779208086105,0.3797791174715584,5.8674609302644676e-05,0.015449667083667075,False
catboost_regressor,2400,2,0.4367513084321794,0.3071003720377525,0.12965093639442693,42.21777249377239,False
catboost_regressor,2400,3,0.2899492118952209,0.29055529011152614,-0.0006060782163052614,-0.2085930757180933,True
catboost_regressor,2400,4,0.29971654992102864,0.30142126174302225,-0.0017047118219936097,-0.5655579212082815,True
catboost_regressor,3350,0,0.2975335514864252,0.2969349044620738,0.000598647024351362,0.20160884266397333,False
catboost_regressor,3350,1,0.3183920085633043,0.31834973742490896,4.227113839533336e-05,0.013278207400847663,False
catboost_regressor,3350,2,0.3757554597984651,0.27595421028167866,0.09980124951678643,36.165873104423696,False
catboost_regressor,3350,3,0.27107928824738586,0.27180120526578805,-0.000721917018402185,-0.2656047892415485,True
catboost_regressor,3350,4,0.2780224824940558,0.27843010547231345,-0.00040762297825763794,-0.1464004682849108,True
catboost_regressor,4300,0,0.2868840545525189,0.28504202335130363,0.0018420312012152884,0.6462314502114848,False
catboost_regressor,4300,1,0.2857320179844516,0.285929020074456,-0.0001970020900043945,-0.06889894910040789,True
catboost_regressor,4300,2,0.300076030196173,0.2577877631501755,0.04228826704599753,16.40429573895728,False
catboost_regressor,4300,3,0.2674761439848204,0.2668012678210604,0.0006748761637599965,0.252950883356606,False
catboost_regressor,4300,4,0.2865466111909695,0.28757180427531875,-0.0010251930843492296,-0.3564998616372413,True
catboost_regressor,5250,0,0.2714474507916018,0.27203438882080416,-0.0005869380292023441,-0.21575876187807078,True
catboost_regressor,5250,1,0.2597219933823931,0.2602129348231069,-0.0004909414407138213,-0.18866911479537476,True
catboost_regressor,5250,2,0.30724959857264705,0.25190901129020393,0.05534058728244312,21.968482587822045,False
catboost_regressor,5250,3,0.25556191770641057,0.25574709657675,-0.0001851788703394197,-0.07240702741813819,True
catboost_regressor,5250,4,0.2672188613495877,0.2690541863223861,-0.001835324972798369,-0.6821395340042194,True
catboost_regressor,6200,0,0.2610334526878851,0.26157802924783397,-0.0005445765599488839,-0.2081889528393537,True
catboost_regressor,6200,1,0.2623977877334214,0.26310107242732916,-0.0007032846939077908,-0.26730590165193807,True
catboost_regressor,6200,2,0.2947231979668371,0.24664825695073941,0.04807494101609769,19.49129566551091,False
catboost_regressor,6200,3,0.238319132075299,0.23984842490569186,-0.0015292928303928532,-0.6376080355725369,True
catboost_regressor,6200,4,0.2689590906543543,0.2700731015198789,-0.001114010865524595,-0.4124849380613336,True
catboost_regressor,7150,0,0.24942518454942744,0.2502679580521975,-0.0008427735027700389,-0.33674846325883423,True
catboost_regressor,7150,1,0.2519629547146361,0.252176730644325,-0.00021377592968890857,-0.08477226631604735,True
catboost_regressor,7150,2,0.2819737443902003,0.23427412608043335,0.047699618309766934,20.360600253990583,False
catboost_regressor,7150,3,0.23997552640327174,0.2422598002962326,-0.0022842738929608475,-0.9429025740827256,True
catboost_regressor,7150,4,0.2550332076068952,0.25702707710419237,-0.001993869497297185,-0.7757429760946626,True
catboost_regressor,8100,0,0.2380347505040355,0.23889209136406614,-0.000857340860030642,-0.35888206057188976,True
catboost_regressor,8100,1,0.24106251721634706,0.24159363911482162,-0.000531121898474568,-0.21984101088942287,True
catboost_regressor,8100,2,0.2359227062937731,0.2366291255239649,-0.000706419230191796,-0.2985343535490742,True
catboost_regressor,8100,3,0.22864009680026998,0.23052533766258967,-0.0018852408623196981,-0.8178020175287831,True
catboost_regressor,8100,4,0.2397165166603108,0.24137511933330374,-0.0016586026729929482,-0.6871473238725406,True
catboost_regressor,9050,0,0.22959749794822396,0.23102537721033278,-0.0014278792621088277,-0.6180616516465381,True
catboost_regressor,9050,1,0.2235049283577479,0.22434798657562155,-0.0008430582178736434,-0.37578149496317037,True
catboost_regressor,9050,2,0.2792799138016462,0.24321622596166317,0.03606368783998301,14.82782972122408,False
catboost_regressor,9050,3,0.22740980029028557,0.229479280263231,-0.0020694799729454316,-0.9018156107913418,True
catboost_regressor,9050,4,0.2318689982898153,0.23412687145073202,-0.002257873160916718,-0.964380187086662,True
catboost_regressor,10000,0,0.22558330793930512,0.22668939820389988,-0.0011060902645947668,-0.48793206623623125,True
catboost_regressor,10000,1,0.2301187565101354,0.23074894861342007,-0.0006301921032846602,-0.27310724797296393,True
catboost_regressor,10000,2,0.23707852495402507,0.2383071209042899,-0.001228595950264838,-0.5155515058059356,True
catboost_regressor,10000,3,0.22251460872986997,0.22388457272534706,-0.0013699639954770915,-0.611906384973524,True
catboost_regressor,10000,4,0.2298839556009748,0.23194583008964487,-0.002061874488670068,-0.8889465647531465,True
extra_trees_regressor,500,0,0.7161233643594676,0.6880407679957159,0.028082596363751655,4.081530872880851,False
extra_trees_regressor,500,1,0.6874335025004784,0.718942900824588,-0.031509398324109594,-4.3827400323405445,True
extra_trees_regressor,500,2,0.9013910982116615,0.7343999448357039,0.1669911533759576,22.738448518445352,False
extra_trees_regressor,500,3,0.618799128547054,0.6911647455891028,-0.0723656170420488,-10.470096674327504,True
extra_trees_regressor,500,4,1.103100737770515,0.722447133574653,0.38065360419586214,52.68947532705905,False
extra_trees_regressor,1450,0,0.6902365408614539,0.6747178339906486,0.015518706870805365,2.3000291513000755,False
extra_trees_regressor,1450,1,0.6895022558816493,0.6883077833904768,0.001194472491172438,0.17353755398329038,False
extra_trees_regressor,1450,2,0.815093581920564,0.64471461457241,0.17037896734815405,26.42703662940128,False
extra_trees_regressor,1450,3,0.581272431391167,0.6318101162121089,-0.0505376848209419,-7.998872370694296,True
extra_trees_regressor,1450,4,0.6802540395912471,0.6279760330975135,0.0522780064937336,8.324841035074304,False
extra_trees_regressor,2400,0,0.6129233643498158,0.6228599756107477,-0.009936611260931927,-1.595320240506471,True
extra_trees_regressor,2400,1,0.7161302961826872,0.6982405712863803,0.017889724896306913,2.562114782781581,False
extra_trees_regressor,2400,2,0.8171939062552733,0.6242609391266871,0.1929329671285862,30.905820793223217,False
extra_trees_regressor,2400,3,0.6006135614970841,0.617548794311246,-0.01693523281416187,-2.7423311275426885,True
extra_trees_regressor,2400,4,0.604323331480092,0.6037594323337592,0.0005638991463328136,0.09339798537856867,False
extra_trees_regressor,3350,0,0.6199293099742894,0.6164618343471511,0.003467475627138339,0.5624801786489321,False
extra_trees_regressor,3350,1,0.6729651597917656,0.6566520599965623,0.016313099795203345,2.484283654769734,False
extra_trees_regressor,3350,2,0.8018245332177779,0.6024296444340117,0.1993948887837662,33.09845234643119,False
extra_trees_regressor,3350,3,0.6195232533870977,0.5974759990288154,0.022047254358282253,3.6900652736042283,False
extra_trees_regressor,3350,4,0.6823241070832176,0.5908453693011454,0.09147873778207216,15.48268676291288,False
extra_trees_regressor,4300,0,0.602177689733137,0.6015003906943921,0.0006772990387449163,0.11260159581326618,False
extra_trees_regressor,4300,1,0.630540760187387,0.6212733348252424,0.009267425362144643,1.491682459661893,False
extra_trees_regressor,4300,2,0.7382982041675245,0.5880613943920675,0.15023680977545695,25.54781034908275,False
extra_trees_regressor,4300,3,0.6331793697654484,0.5914426296663436,0.041736740099104774,7.056768992564864,False
extra_trees_regressor,4300,4,0.6708182605035212,0.5981503276498757,0.07266793285364548,12.148774228571732,False
extra_trees_regressor,5250,0,0.5844564543851392,0.5921405680277445,-0.00768411364260535,-1.2976840394839007,True
extra_trees_regressor,5250,1,0.6097364227308695,0.6071764121459684,0.0025600105849010735,0.4216255002155178,False
extra_trees_regressor,5250,2,0.7478855400831518,0.5884201085260564,0.15946543155709536,27.100608773643554,False
extra_trees_regressor,5250,3,0.6069371198427043,0.5809879394939804,0.025949180348723844,4.466388815458828,False
extra_trees_regressor,5250,4,0.6739630943220638,0.5902558532967315,0.08370724102533234,14.181518159931116,False
extra_trees_regressor,6200,0,0.5902677493495018,0.5881415100862848,0.002126239263216978,0.3615183126429969,False
extra_trees_regressor,6200,1,0.6555934522825818,0.6022325086807662,0.05336094360181565,8.860521946699066,False
extra_trees_regressor,6200,2,0.6975036928622299,0.5770879922020139,0.12041570066021601,20.86609014350512,False
extra_trees_regressor,6200,3,0.5956250054027133,0.5718340823526686,0.02379092305004471,4.1604590884409856,False
extra_trees_regressor,6200,4,0.6942423776967839,0.5781696523438482,0.11607272535293567,20.075893793869533,False
extra_trees_regressor,7150,0,0.5771343914430432,0.5814723608008906,-0.00433796935784736,-0.7460319097321256,True
extra_trees_regressor,7150,1,0.6492921932456689,0.5880969445084291,0.061195248737239805,10.405639632831438,False
extra_trees_regressor,7150,2,0.6656406351871968,0.570903233492338,0.09473740169485889,16.594301124435717,False
extra_trees_regressor,7150,3,0.5845065396386631,0.5721827600570382,0.012323779581624894,2.153818751965962,False
extra_trees_regressor,7150,4,0.6836818228510149,0.5757427047764987,0.10793911807451617,18.747804736217677,False
extra_trees_regressor,8100,0,0.6002907789396963,0.5729109543909043,0.027379824548791953,4.779071571061348,False
extra_trees_regressor,8100,1,0.5990775830928396,0.5783650086196381,0.020712574473201517,3.5812288372416297,False
extra_trees_regressor,8100,2,0.6697926533392069,0.5693218641160084,0.10047078922319852,17.64744963364449,False
extra_trees_regressor,8100,3,0.56365600148471,0.5643602304859572,-0.0007042290012472252,-0.12478359799393206,True
extra_trees_regressor,8100,4,0.6652525556934681,0.5718079013018682,0.09344465439159988,16.34196627553572,False
extra_trees_regressor,9050,0,0.617432727952128,0.5630168248588273,0.05441590309330069,9.665058074764481,False
extra_trees_regressor,9050,1,0.5932294462218679,0.5684604290708759,0.024769017150992,4.357210437932486,False
extra_trees_regressor,9050,2,0.6454331577762262,0.570647287156491,0.07478587061973518,13.105445746073675,False
extra_trees_regressor,9050,3,0.5610948384389502,0.5663453185033887,-0.005250480064438401,-0.9270810392347201,True
extra_trees_regressor,9050,4,0.6424912483416978,0.5667645485214095,0.07572669982028835,13.361227341732327,False
extra_trees_regressor,10000,0,0.6025447811486304,0.5583773871134415,0.04416739403518888,7.909953922653337,False
extra_trees_regressor,10000,1,0.5739207967028198,0.5676117160406602,0.006309080662159627,1.1115134666648925,False
extra_trees_regressor,10000,2,0.6351814800462829,0.5701549751898186,0.06502650485646433,11.405057867786807,False
extra_trees_regressor,10000,3,0.5964420589214303,0.5583014309769487,0.03814062794448159,6.83154758850266,False
extra_trees_regressor,10000,4,0.6303705066562255,0.5616655359896481,0.06870497066657744,12.232363615745104,False
knn_regressor,500,0,0.7774698137776553,0.7118359874899843,0.065633826287671,9.220357981492821,False
knn_regressor,500,1,0.7470044327287642,0.7569140154151244,-0.009909582686360219,-1.309208507775533,True
knn_regressor,500,2,0.7653740914280913,0.7885227023871814,-0.023148610959090044,-2.935693657140081,True
knn_regressor,500,3,0.6928481325920884,0.7233704767822517,-0.03052234419016331,-4.219462249266099,True
knn_regressor,500,4,0.8701218463610507,0.7558354285498131,0.1142864178112376,15.12054258034897,False
knn_regressor,1450,0,0.6899679224624651,0.7112884235203613,-0.02132050105789618,-2.997448060854861,True
knn_regressor,1450,1,0.7179586790203211,0.7157207009997998,0.0022379780205212807,0.3126887370164115,False
knn_regressor,1450,2,0.7884253418055553,0.6970038524179738,0.09142148938758154,13.116353528094795,False
knn_regressor,1450,3,0.6334087580722265,0.6636850006094207,-0.030276242537194187,-4.561839202241032,True
knn_regressor,1450,4,0.6803521138859759,0.6597527629884633,0.020599350897512636,3.1222833844915394,False
knn_regressor,2400,0,0.6346155363331227,0.6549481137790465,-0.02033257744592376,-3.104456218463615,True
knn_regressor,2400,1,0.7197289227610945,0.7234787447970346,-0.003749822035940098,-0.5183043818366878,True
knn_regressor,2400,2,0.7849909241535431,0.6635894367559021,0.121401487397641,18.294668461140365,False
knn_regressor,2400,3,0.6258110469528164,0.6469952673263645,-0.021184220373548057,-3.2742465738720896,True
knn_regressor,2400,4,0.6413589634844917,0.6337753081484883,0.00758365533600347,1.1965842213320628,False
knn_regressor,3350,0,0.6468590077878955,0.6502735709906666,-0.003414563202771115,-0.5250964140475769,True
knn_regressor,3350,1,0.6811155067534906,0.6909301921169293,-0.009814685363438658,-1.4205031818580123,True
knn_regressor,3350,2,0.7437743204918373,0.6355214936596668,0.10825282683217052,17.03370034092692,False
knn_regressor,3350,3,0.6226398039874652,0.6359812364580726,-0.013341432470607373,-2.097771397299221,True
knn_regressor,3350,4,0.6260045710894556,0.6244124563784046,0.0015921147110510292,0.2549780509321199,False
knn_regressor,4300,0,0.6341232729890106,0.6342310179516957,-0.0001077449626850635,-0.016988283391284654,True
knn_regressor,4300,1,0.6369863590360058,0.6543391084450694,-0.017352749409063617,-2.6519505230704623,True
knn_regressor,4300,2,0.692775143154034,0.6284937518283961,0.06428139132563793,10.227848906792206,False
knn_regressor,4300,3,0.6306139531923262,0.6374789866735318,-0.006865033481205596,-1.0769034940317717,True
knn_regressor,4300,4,0.6337164528344259,0.6396240780383528,-0.005907625203926847,-0.9236089457490089,True
knn_regressor,5250,0,0.6269664093082068,0.6277967726707805,-0.0008303633625736939,-0.13226626811749162,True
knn_regressor,5250,1,0.6299444016949365,0.6440832350263583,-0.014138833331421852,-2.1951872929658287,True
knn_regressor,5250,2,0.6946604422605939,0.6298343393066324,0.06482610295396152,10.29256407729798,False
knn_regressor,5250,3,0.6141850840049701,0.6223312085204032,-0.008146124515433173,-1.3089693082885303,True
knn_regressor,5250,4,0.6633706528456257,0.6370899267499739,0.026280726095651796,4.125120331084072,False
knn_regressor,6200,0,0.6173970355682461,0.6229112819034127,-0.005514246335166617,-0.8852378332781015,True
knn_regressor,6200,1,0.6288475367437945,0.6462266872466631,-0.017379150502868645,-2.6893272663985583,True
knn_regressor,6200,2,0.6613791418152031,0.6194395285890673,0.04193961322613582,6.770574251479247,False
knn_regressor,6200,3,0.6085501841943665,0.6193964207101992,-0.010846236515832719,-1.7510977062793547,True
knn_regressor,6200,4,0.6943362307722776,0.6253440377098125,0.06899219306246507,11.032677838447789,False
knn_regressor,7150,0,0.6072010499967332,0.61591801834523,-0.008716968348496779,-1.4152806199624453,True
knn_regressor,7150,1,0.6161175348443089,0.6332185633010975,-0.017101028456788625,-2.7006517887974537,True
knn_regressor,7150,2,0.6479712798343468,0.6123061386175825,0.03566514121676423,5.824723772537415,False
knn_regressor,7150,3,0.6046341386769316,0.6151784877325671,-0.010544349055635505,-1.7140308489167109,True
knn_regressor,7150,4,0.6763689464701673,0.6187710918934217,0.0575978545767456,9.308426869215532,False
knn_regressor,8100,0,0.634162749169173,0.6114592047863333,0.022703544382839724,3.7130104846116745,False
knn_regressor,8100,1,0.6092106548889151,0.6240548979317104,-0.014844243042795302,-2.3786758331667945,True
knn_regressor,8100,2,0.6559348113218612,0.6146093276105581,0.04132548371130307,6.723862111231837,False
knn_regressor,8100,3,0.5948195833439667,0.6072841127129962,-0.012464529369029531,-2.0525037800421257,True
knn_regressor,8100,4,0.6635066540866158,0.6161123309563604,0.04739432313025538,7.692480859243238,False
knn_regressor,9050,0,0.6309778640950903,0.60210116766097,0.028876696434120275,4.795987449467979,False
knn_regressor,9050,1,0.5961665360552763,0.6144625324138773,-0.01829599635860102,-2.97756094040858,True
knn_regressor,9050,2,0.6551219757256435,0.6178424575402631,0.037279518185380334,6.033822656635883,False
knn_regressor,9050,3,0.6028756979090822,0.6125553111879429,-0.009679613278860688,-1.580202326560321,True
knn_regressor,9050,4,0.6542087210174566,0.6139791110885452,0.04022960992891145,6.552276649540561,False
knn_regressor,10000,0,0.6178520841677384,0.5969605998362563,0.020891484331482135,3.4996420764138505,False
knn_regressor,10000,1,0.5956804136135825,0.6131477872698158,-0.017467373656233298,-2.848803179085237,True
knn_regressor,10000,2,0.645284951612886,0.615082236775328,0.030202714837557987,4.9103539383450245,False
knn_regressor,10000,3,0.6058758766494701,0.6031380950870715,0.002737781562398567,0.45392283868312605,False
knn_regressor,10000,4,0.6404779323025721,0.6058132570355031,0.034664675267068956,5.722006718158936,False
lightgbm_regressor,500,0,0.42445541463510483,0.41677900045656874,0.007676414178536095,1.8418428400007718,False
lightgbm_regressor,500,1,0.45600847679790374,0.44370865695597994,0.012299819841923798,2.772048651542099,False
lightgbm_regressor,500,2,0.45802865796824244,0.45181268993032336,0.006215968037919073,1.375784296558309,False
lightgbm_regressor,500,3,0.40739418769042385,0.4042069849899609,0.0031872027004629655,0.7885075762711337,False
lightgbm_regressor,500,4,0.4776844085386254,0.47648246168365965,0.0012019468549657741,0.25225416497360104,False
lightgbm_regressor,1450,0,0.39582624959857254,0.3932313743501312,0.0025948752484413196,0.6598851001473895,False
lightgbm_regressor,1450,1,0.3830591212726432,0.37795983912192005,0.005099282150723139,1.3491597844283776,False
lightgbm_regressor,1450,2,0.4136617670261674,0.3405016345675068,0.0731601324586606,21.48598568449929,False
lightgbm_regressor,1450,3,0.3345674684308293,0.33143867503382846,0.0031287933970008397,0.944003712506242,False
lightgbm_regressor,1450,4,0.3339205443767951,0.3321538335676105,0.0017667108091845574,0.5318953540919888,False
lightgbm_regressor,2400,0,0.3334408633499709,0.3324633818019772,0.0009774815479937082,0.29401179242528386,False
lightgbm_regressor,2400,1,0.3813009909772644,0.37988069806190783,0.001420292915356558,0.373878673647456,False
lightgbm_regressor,2400,2,0.3399427579390996,0.337063217956957,0.0028795399821426315,0.8543026437581656,False
lightgbm_regressor,2400,3,0.318376224543957,0.3167048671584831,0.0016713573854738595,0.5277334069632378,False
lightgbm_regressor,2400,4,0.30536102718255936,0.3070896131568608,-0.001728585974301422,-0.5628930124114825,True
lightgbm_regressor,3350,0,0.3244830867100747,0.3242841440321867,0.00019894267788800324,0.061348259404338086,False
lightgbm_regressor,3350,1,0.34014903363760396,0.3379433270266765,0.0022057066109274492,0.6526853571378066,False
lightgbm_regressor,3350,2,0.3069002901353688,0.3061524903582171,0.0007477997771516698,0.24425729030546128,False
lightgbm_regressor,3350,3,0.2901180789205386,0.28941921607515286,0.0006988628453857282,0.2414707823699778,False
lightgbm_regressor,3350,4,0.2803614609540931,0.28056597261816957,-0.0002045116640764788,-0.07289254009245259,True
lightgbm_regressor,4300,0,0.30278263300993025,0.3026856044217324,9.702858819782278e-05,0.032055897862467445,False
lightgbm_regressor,4300,1,0.29063505083694047,0.28879245429700595,0.0018425965399345157,0.6380348629329193,False
lightgbm_regressor,4300,2,0.2756453834306647,0.2752817678820336,0.0003636155486310688,0.13208849660791513,False
lightgbm_regressor,4300,3,0.29423776616069525,0.2932615912136735,0.0009761749470217351,0.33286832516382403,False
lightgbm_regressor,4300,4,0.2934839664856611,0.29343076830488324,5.31981807778692e-05,0.018129721393972807,False
lightgbm_regressor,5250,0,0.28993633293604637,0.2908487789512156,-0.0009124460151692104,-0.31371835854337765,True
lightgbm_regressor,5250,1,0.27178097731721956,0.2696088272654053,0.002172150051814259,0.8056672601731898,False
lightgbm_regressor,5250,2,0.2721571861978369,0.2701796672184217,0.001977518979415227,0.7319273873472273,False
lightgbm_regressor,5250,3,0.2705100920130585,0.26905481633242617,0.0014552756806323064,0.5408844563608425,False
lightgbm_regressor,5250,4,0.27899613059160605,0.27825292579751915,0.0007432047940869047,0.26709684793313715,False
lightgbm_regressor,6200,0,0.2818165869482671,0.2828655022423977,-0.0010489152941305924,-0.37081768042245705,True
lightgbm_regressor,6200,1,0.2788088857557277,0.2766144928914442,0.002194392864283523,0.7933036484623748,False
lightgbm_regressor,6200,2,0.25861545287491855,0.2582542847487135,0.0003611681262050692,0.13984980987110937,False
lightgbm_regressor,6200,3,0.255105901214002,0.2541698258921697,0.0009360753218323192,0.36828735218532377,False
lightgbm_regressor,6200,4,0.27160801086643555,0.2703453273485065,0.0012626835179290197,0.46706319295886106,False
lightgbm_regressor,7150,0,0.2723831425228785,0.27337997744671,-0.0009968349238315133,-0.3646334794309603,True
lightgbm_regressor,7150,1,0.2697495932382863,0.26740379538304726,0.002345797855239029,0.877249274595654,False
lightgbm_regressor,7150,2,0.2533441801953485,0.2541170468056951,-0.0007728666103465898,-0.30413804192268334,True
lightgbm_regressor,7150,3,0.2581233260798417,0.25798029962355196,0.00014302645628971877,0.055440844319672763,False
lightgbm_regressor,7150,4,0.2601846971515804,0.2594041077182121,0.0007805894333682839,0.3009163733892101,False
lightgbm_regressor,8100,0,0.2585109049362899,0.25934710351031404,-0.0008361985740241162,-0.3224244893064176,True
lightgbm_regressor,8100,1,0.2605968034523195,0.2591774564227899,0.0014193470295296162,0.54763521840197,False
lightgbm_regressor,8100,2,0.2549916726265518,0.2553233609554826,-0.00033168832893076816,-0.12990911904398766,True
lightgbm_regressor,8100,3,0.24974520141654497,0.24936987247622372,0.00037532894032124564,0.1505109404733852,False
lightgbm_regressor,8100,4,0.2531093787374195,0.25265851301089765,0.0004508657265218652,0.1784486582893878,False
lightgbm_regressor,9050,0,0.255126344062435,0.25519564104094333,-6.929697850832639e-05,-0.027154452256967998,True
lightgbm_regressor,9050,1,0.2534576400422802,0.25225368400692333,0.0012039560353568901,0.47727986217392426,False
lightgbm_regressor,9050,2,0.2595363762312041,0.2594423175471563,9.405868404782636e-05,0.036254179710189426,False
lightgbm_regressor,9050,3,0.2507137213013633,0.2497649251249867,0.0009487961763766373,0.37987566745084134,False
lightgbm_regressor,9050,4,0.25086094407810544,0.25057636189771026,0.00028458218039517647,0.11357104007733498,False
lightgbm_regressor,10000,0,0.24944770350582893,0.2500321960500131,-0.000584492544184162,-0.23376691218887982,True
lightgbm_regressor,10000,1,0.2477135699820953,0.24568768712387182,0.002025882858223471,0.824576470208722,False
lightgbm_regressor,10000,2,0.2616287563050567,0.26115142291341753,0.00047733339163918975,0.18278031431498096,False
lightgbm_regressor,10000,3,0.2412302238808384,0.2399458168304523,0.0012844070503860994,0.535290453216641,False
lightgbm_regressor,10000,4,0.2492602406206842,0.2487436147175948,0.0005166259030894016,0.20769413666193628,False
multitask_elastic_net_regressor,500,0,0.5027344777325138,0.5214456855244292,-0.018711207791915374,-3.5883330347430356,True
multitask_elastic_net_regressor,500,1,0.5231274552881778,0.5404713591109848,-0.017343903822806928,-3.209032917366004,True
multitask_elastic_net_regressor,500,2,0.5770116560575747,0.612465094084833,-0.03545343802725831,-5.7886463032206095,True
multitask_elastic_net_regressor,500,3,0.48696308702389457,0.5121820623327917,-0.025218975308897162,-4.923830247790104,True
multitask_elastic_net_regressor,500,4,0.5492246433339267,0.5709518884904735,-0.02172724515654678,-3.8054423839442832,True
multitask_elastic_net_regressor,1450,0,0.5532431885303983,0.5736180024271784,-0.020374813896780086,-3.5519829940077057,True
multitask_elastic_net_regressor,1450,1,0.5491284185917276,0.5673995655225629,-0.018271146930835314,-3.220155255848315,True
multitask_elastic_net_regressor,1450,2,0.5163145341542358,0.5410779438661897,-0.0247634097119539,-4.576680678390019,True
multitask_elastic_net_regressor,1450,3,0.487825087483176,0.5074785943984954,-0.01965350691531942,-3.872775548023723,True
multitask_elastic_net_regressor,1450,4,0.4978348384073721,0.5217091327999118,-0.02387429439253974,-4.576169534240474,True
multitask_elastic_net_regressor,2400,0,0.5143102590690003,0.5322524764398796,-0.01794221737087931,-3.370997442959942,True
multitask_elastic_net_regressor,2400,1,0.5898101787545803,0.6065940931554765,-0.016783914400896216,-2.766910293106715,True
multitask_elastic_net_regressor,2400,2,0.5130894452378335,0.5379711139911696,-0.024881668753336084,-4.625093821253849,True
multitask_elastic_net_regressor,2400,3,0.4893375705963253,0.5109883698943614,-0.02165079929803604,-4.237043458056001,True
multitask_elastic_net_regressor,2400,4,0.49372848447384826,0.517030610490453,-0.023302126016604696,-4.506914202720106,True
multitask_elastic_net_regressor,3350,0,0.5223157432246371,0.540231013778581,-0.01791527055394382,-3.3162240036234887,True
multitask_elastic_net_regressor,3350,1,0.5690350423865431,0.5873841080350427,-0.018349065648499585,-3.1238614387920927,True
multitask_elastic_net_regressor,3350,2,0.5068729343873333,0.5294598016446057,-0.022586867257272436,-4.266021176133336,True
multitask_elastic_net_regressor,3350,3,0.49606321782617907,0.5183047532571018,-0.02224153543092272,-4.291208076166329,True
multitask_elastic_net_regressor,3350,4,0.49403418355154893,0.5153015534194132,-0.02126736986786426,-4.1271697565705505,True
multitask_elastic_net_regressor,4300,0,0.5151977243661626,0.5353338539833562,-0.020136129617193577,-3.761415323795237,True
multitask_elastic_net_regressor,4300,1,0.5353382723324772,0.5566652804475436,-0.02132700811506638,-3.8312086031160506,True
multitask_elastic_net_regressor,4300,2,0.5070491428371776,0.5296738072704512,-0.0226246644332736,-4.271433497885135,True
multitask_elastic_net_regressor,4300,3,0.5048699136739494,0.5252546394080827,-0.020384725734133302,-3.880922547796085,True
multitask_elastic_net_regressor,4300,4,0.5246863086314725,0.5431117589907539,-0.018425450359281448,-3.392570691807674,True
multitask_elastic_net_regressor,5250,0,0.5144957905623873,0.5350801607873696,-0.020584370224982385,-3.8469694325225054,True
multitask_elastic_net_regressor,5250,1,0.5290329405184325,0.5496861695522125,-0.020653229033779974,-3.7572764566015167,True
multitask_elastic_net_regressor,5250,2,0.5150101079592334,0.5362759258755003,-0.021265817916266916,-3.9654619739920793,True
multitask_elastic_net_regressor,5250,3,0.499919347594344,0.5211034918169662,-0.02118414422262227,-4.065247029675065,True
multitask_elastic_net_regressor,5250,4,0.5268175919683217,0.5451334517339459,-0.01831585976562422,-3.359885493609982,True
multitask_elastic_net_regressor,6200,0,0.519070526651488,0.5397530236513355,-0.020682496999847477,-3.8318445832751387,True
multitask_elastic_net_regressor,6200,1,0.5345197643634303,0.5547782188823781,-0.02025845451894781,-3.651631197735059,True
multitask_elastic_net_regressor,6200,2,0.5085407946571439,0.5293706275128209,-0.020829832855677077,-3.934829734234281,True
multitask_elastic_net_regressor,6200,3,0.5088002825921125,0.5297147740825732,-0.02091449149046065,-3.9482552712793417,True
multitask_elastic_net_regressor,6200,4,0.5192833593976084,0.5378796522003076,-0.018596292802699255,-3.457333387985079,True
multitask_elastic_net_regressor,7150,0,0.5176056582552778,0.5391914510988107,-0.021585792843532903,-4.003363332178861,True
multitask_elastic_net_regressor,7150,1,0.5265191921565938,0.5464781818648402,-0.01995898970824639,-3.6522939745072605,True
multitask_elastic_net_regressor,7150,2,0.5075399021067639,0.5288195164698325,-0.021279614363068577,-4.023984308506987,True
multitask_elastic_net_regressor,7150,3,0.5134908746494922,0.5331437067964631,-0.01965283214697089,-3.68621666099375,True
multitask_elastic_net_regressor,7150,4,0.5185882880747558,0.537494770613367,-0.01890648253861127,-3.5175193457298133,True
multitask_elastic_net_regressor,8100,0,0.5153384267250373,0.5369145598687496,-0.021576133143712317,-4.018541264551788,True
multitask_elastic_net_regressor,8100,1,0.521319248666163,0.5413094926774745,-0.019990244011311553,-3.6929417055729026,True
multitask_elastic_net_regressor,8100,2,0.5171210156533115,0.5380676532350556,-0.020946637581744088,-3.8929375248271096,True
multitask_elastic_net_regressor,8100,3,0.5098796415702612,0.5293722602700692,-0.019492618699808006,-3.6822138526607873,True
multitask_elastic_net_regressor,8100,4,0.520059288809568,0.5389521790579299,-0.018892890248361938,-3.5054854553860544,True
multitask_elastic_net_regressor,9050,0,0.5072974851798686,0.5291575855230615,-0.021860100343192856,-4.131113479472206,True
multitask_elastic_net_regressor,9050,1,0.5124225886236525,0.5330382963996994,-0.02061570777604682,-3.8675847336470004,True
multitask_elastic_net_regressor,9050,2,0.5232249655284219,0.5438225718019739,-0.020597606273552005,-3.7875600134251806,True
multitask_elastic_net_regressor,9050,3,0.517277748260794,0.5357653336365688,-0.018487585375774773,-3.4506871227162392,True
multitask_elastic_net_regressor,9050,4,0.5205858245687307,0.539485488105529,-0.018899663536798283,-3.503275612318475,True
multitask_elastic_net_regressor,10000,0,0.5053579442479655,0.5274039372268613,-0.022045992978895756,-4.180096397235036,True
multitask_elastic_net_regressor,10000,1,0.5167483145348234,0.5373888944088026,-0.02064057987397916,-3.8409018289606585,True
multitask_elastic_net_regressor,10000,2,0.5280552059360707,0.5481340935832798,-0.02007888764720911,-3.6631342370894613,True
multitask_elastic_net_regressor,10000,3,0.5125624938516065,0.530944540789396,-0.018382046937789553,-3.4621406805425576,True
multitask_elastic_net_regressor,10000,4,0.517743397411434,0.536675262511865,-0.01893186510043099,-3.5276202245324164,True
multitask_lasso_regressor,500,0,0.5027153926455085,0.521368396758351,-0.01865300411284254,-3.577701339171891,True
multitask_lasso_regressor,500,1,0.5230938297307818,0.540465119133321,-0.01737128940253918,-3.21413700673143,True
multitask_lasso_regressor,500,2,0.5769898712292199,0.6124815273772409,-0.03549165614802108,-5.794730871313443,True
multitask_lasso_regressor,500,3,0.48696960220193297,0.5121734623213998,-0.025203860119466848,-4.9209617392575655,True
multitask_lasso_regressor,500,4,0.5492212979208685,0.5709455395776385,-0.021724241656770005,-3.8049586433131055,True
multitask_lasso_regressor,1450,0,0.5532846961329795,0.5735883974026067,-0.020303701269627217,-3.539768475368213,True
multitask_lasso_regressor,1450,1,0.5491012008756546,0.5674006010029988,-0.018299400127344212,-3.2251287881958897,True
multitask_lasso_regressor,1450,2,0.5162941244505267,0.5410838386183178,-0.024789714167791077,-4.5814922565591205,True
multitask_lasso_regressor,1450,3,0.4878342475215169,0.507475896327431,-0.01964164880591407,-3.8704594539483286,True
multitask_lasso_regressor,1450,4,0.49783511361643606,0.5217056691873239,-0.023870555570887797,-4.575483262060705,True
multitask_lasso_regressor,2400,0,0.5143676910710193,0.5322362565864265,-0.017868565515407164,-3.357261985496774,True
multitask_lasso_regressor,2400,1,0.5897858195363156,0.6065928092508736,-0.016806989714557963,-2.77072023575653,True
multitask_lasso_regressor,2400,2,0.5130673300516209,0.5379746466560525,-0.024907316604431684,-4.629830933344312,True
multitask_lasso_regressor,2400,3,0.48934619903052334,0.5109852981905956,-0.021639099160072228,-4.2347792072876675,True
multitask_lasso_regressor,2400,4,0.4937278422603269,0.517027406134036,-0.023299563873709073,-4.506446582382678,True
multitask_lasso_regressor,3350,0,0.5223828321687103,0.5402267908370765,-0.01784395866836619,-3.3030495656679926,True
multitask_lasso_regressor,3350,1,0.5690096783652695,0.5873827900158082,-0.018373111650538676,-3.127962201623953,True
multitask_lasso_regressor,3350,2,0.5068505370787104,0.5294617966066665,-0.022611259527956062,-4.270612095692678,True
multitask_lasso_regressor,3350,3,0.49607368189705375,0.5183040170613699,-0.022230335164316106,-4.289053226011157,True
multitask_lasso_regressor,3350,4,0.49403404450350763,0.5152989965844695,-0.021264952080961907,-4.1267210341784715,True
multitask_lasso_regressor,4300,0,0.5152683386271733,0.5353270470511364,-0.02005870842396318,-3.7470007417815183,True
multitask_lasso_regressor,4300,1,0.5353116992516691,0.5566654203971694,-0.02135372114550027,-3.8360063986487303,True
multitask_lasso_regressor,4300,2,0.5070269032792339,0.5296751259853053,-0.022648222706071364,-4.275870546864171,True
multitask_lasso_regressor,4300,3,0.5048797970221723,0.5252536900824911,-0.020373893060318782,-3.8788671921788995,True
multitask_lasso_regressor,4300,4,0.5246867056427328,0.5431100693492225,-0.01842336370648967,-3.3921970418566034,True
multitask_lasso_regressor,5250,0,0.5145673651797324,0.5350772613198664,-0.020509896140133987,-3.8330718987277757,True
multitask_lasso_regressor,5250,1,0.5290063989752057,0.5496855688591284,-0.02067916988392271,-3.7619997786811643,True
multitask_lasso_regressor,5250,2,0.5149868346513305,0.5362750782015727,-0.02128824355024217,-3.9696499829217196,True
multitask_lasso_regressor,5250,3,0.4999271321375146,0.5211001223355999,-0.021172990198085273,-4.063132839652147,True
multitask_lasso_regressor,5250,4,0.5268178998482479,0.5451315936727553,-0.018313693824507427,-3.359499621205446,True
multitask_lasso_regressor,6200,0,0.5191404312564167,0.5397465288673171,-0.020606097610900376,-3.817736012891684,True
multitask_lasso_regressor,6200,1,0.5344935620588974,0.5547768728943822,-0.020283310835484736,-3.656120474103875,True
multitask_lasso_regressor,6200,2,0.5085171807773042,0.5293686973490033,-0.020851516571699036,-3.938940227504991,True
multitask_lasso_regressor,6200,3,0.5088086671019572,0.5297121582312357,-0.020903491129278584,-3.9461981010738976,True
multitask_lasso_regressor,6200,4,0.5192840537223639,0.5378780409731942,-0.01859398725083039,-3.456915106106189,True
multitask_lasso_regressor,7150,0,0.5176750881786808,0.5391820575497795,-0.02150696937109875,-3.988813995189952,True
multitask_lasso_regressor,7150,1,0.5264926208238786,0.546476813036724,-0.01998419221284542,-3.6569149387684,True
multitask_lasso_regressor,7150,2,0.507515887815988,0.5288175846687749,-0.021301696852786933,-4.028174831994147,True
multitask_lasso_regressor,7150,3,0.5134993994666324,0.5331417574286574,-0.01964235796202507,-3.684265523818685,True
multitask_lasso_regressor,7150,4,0.5185893519466471,0.5374936586957808,-0.01890430674913368,-3.517121819633121,True
multitask_lasso_regressor,8100,0,0.5154080267776847,0.5369066435792557,-0.021498616801570947,-4.004162931986038,True
multitask_lasso_regressor,8100,1,0.5212924105721225,0.5413078413321643,-0.020015430760041752,-3.6976059151080407,True
multitask_lasso_regressor,8100,2,0.5170973725190955,0.5380662083621861,-0.020968835843090616,-3.8970735417333544,True
multitask_lasso_regressor,8100,3,0.5098893263867968,0.5293714034962814,-0.019482077109484575,-3.6802284711288578,True
multitask_lasso_regressor,8100,4,0.5200603379340056,0.5389511377750685,-0.0188907998410629,-3.5051043623451785,True
multitask_lasso_regressor,9050,0,0.5073672340170278,0.5291489018399821,-0.02178166782295432,-4.116358882578052,True
multitask_lasso_regressor,9050,1,0.5123954762243343,0.5330370592607793,-0.02064158303644492,-3.8724480179803744,True
multitask_lasso_regressor,9050,2,0.5232010712496676,0.5438213854811592,-0.020620314231491577,-3.791743903790626,True
multitask_lasso_regressor,9050,3,0.517287388186965,0.535764667614126,-0.018477279427161042,-3.448767816183978,True
multitask_lasso_regressor,9050,4,0.5205873114505324,0.5394848414689825,-0.01889753001845007,-3.502884338138828,True
multitask_lasso_regressor,10000,0,0.5054287212625805,0.5273961392469139,-0.021967417984333326,-4.1652595363518055,True
multitask_lasso_regressor,10000,1,0.5167211877735869,0.5373879019097397,-0.02066671413615284,-3.845772125257864,True
multitask_lasso_regressor,10000,2,0.5280311303570698,0.5481322672072745,-0.02010113685020465,-3.6672055364701723,True
multitask_lasso_regressor,10000,3,0.512573435738619,0.5309450465661474,-0.018371610827528362,-3.460171809935051,True
multitask_lasso_regressor,10000,4,0.5177446280162722,0.5366743052966162,-0.018929677280344004,-3.5272188538785554,True
pls_regressor,500,0,0.6390670494008419,0.7051487135667001,-0.06608166416585814,-9.371308901864355,True
pls_regressor,500,1,0.6907867415453035,0.7419960527973575,-0.05120931125205397,-6.901561141598076,True
pls_regressor,500,2,0.7450248142442102,0.7906632239869444,-0.045638409742734254,-5.772168017705582,True
pls_regressor,500,3,0.65510894323011,0.7242410664413672,-0.06913212321125717,-9.545457502285108,True
pls_regressor,500,4,0.7822935108570135,0.7575261793684004,0.024767331488613098,3.2695017232623247,False
pls_regressor,1450,0,0.6792143075140958,0.7473496663775481,-0.06813535886345223,-9.116931729388293,True
pls_regressor,1450,1,0.7500743753122139,0.7658383007875342,-0.01576392547532035,-2.058388234058004,True
pls_regressor,1450,2,0.8404374550168228,0.7291592003700574,0.11127825464676533,15.261174046804898,False
pls_regressor,1450,3,0.7372517060876447,0.7063171684756757,0.03093453761196896,4.379694985855959,False
pls_regressor,1450,4,0.6356243876403265,0.7031620669017938,-0.06753767926146736,-9.604852485721462,True
pls_regressor,2400,0,0.647626342651539,0.7177868836327161,-0.07016054098117719,-9.774564370150513,True
pls_regressor,2400,1,0.7622712466191227,0.7902596194843446,-0.027988372865221933,-3.5416681018681855,True
pls_regressor,2400,2,0.8214024826606671,0.7276300747707654,0.09377240788990171,12.88737383751545,False
pls_regressor,2400,3,0.6786958868096461,0.7161794270911953,-0.03748354028154921,-5.233819747348901,True
pls_regressor,2400,4,0.7629788412472962,0.7055242213917471,0.057454619855549116,8.143536127251831,False
pls_regressor,3350,0,0.66485952079473,0.7295624034412951,-0.0647028826465651,-8.868724915287041,True
pls_regressor,3350,1,0.7339552236036873,0.7752690733938505,-0.04131384979016328,-5.328969155096828,True
pls_regressor,3350,2,0.9453614936971596,0.7164788046637229,0.22888268903343667,31.945493368901825,False
pls_regressor,3350,3,0.8356408517776944,0.7189502052267582,0.1166906465509362,16.2306993867721,False
pls_regressor,3350,4,0.7712546193660472,0.7059521895340407,0.06530242983200651,9.250262383223001,False
pls_regressor,4300,0,0.7036615550098636,0.7227519629170402,-0.019090407907176643,-2.641349852600525,True
pls_regressor,4300,1,0.7343117703860055,0.7444136814499093,-0.01010191106390379,-1.3570292050823272,True
pls_regressor,4300,2,0.875837894200518,0.7132831856680671,0.1625547085324509,22.789645374887222,False
pls_regressor,4300,3,0.8129507915516089,0.7217638262324519,0.09118696531915693,12.633906273073482,False
pls_regressor,4300,4,0.7840023535242713,0.7241795270807431,0.05982282644352821,8.260772944615184,False
pls_regressor,5250,0,0.6991509400259766,0.7229739419044036,-0.023823001878427008,-3.295139768893226,True
pls_regressor,5250,1,0.7286021554121898,0.7413388011105808,-0.012736645698391058,-1.7180600393923282,True
pls_regressor,5250,2,0.8051937816655013,0.7217722587400514,0.08342152292544991,11.557873264770965,False
pls_regressor,5250,3,0.7357650106345682,0.7158116510340394,0.019953359600528797,2.7875153431359756,False
pls_regressor,5250,4,0.7910774521996569,0.7258527656458503,0.06522468655380653,8.985938972867427,False
pls_regressor,6200,0,0.6941309873026217,0.7246051160480695,-0.03047412874544786,-4.20561876676375,True
pls_regressor,6200,1,0.7466710964410153,0.7444806434600566,0.002190452980958657,0.2942256457841917,False
pls_regressor,6200,2,0.7898630295775118,0.7154987334002899,0.07436429617722184,10.393351197676868,False
pls_regressor,6200,3,0.729189573390335,0.7195338186907826,0.009655754699552377,1.341945916749454,False
pls_regressor,6200,4,0.8599105654788424,0.718726094411297,0.1411844710675454,19.643710192989236,False
pls_regressor,7150,0,0.686877042510314,0.7232210539688081,-0.036344011458494085,-5.025297764639133,True
pls_regressor,7150,1,0.724622135568475,0.7368684737351303,-0.012246338166655324,-1.6619435629508705,True
pls_regressor,7150,2,0.8029586494561926,0.7168112236068008,0.08614742584939172,12.018146900089134,False
pls_regressor,7150,3,0.7462039154692872,0.7207588293913874,0.02544508607789986,3.5303190249345717,False
pls_regressor,7150,4,0.8291769069700214,0.7177440959689602,0.11143281100106128,15.52542356348137,False
pls_regressor,8100,0,0.7214308770576308,0.721472583171226,-4.170611359521903e-05,-0.005780692789724621,True
pls_regressor,8100,1,0.7796055455797583,0.7285433377345495,0.05106220784520876,7.0088085636730755,False
pls_regressor,8100,2,0.805831006191691,0.7225878519839563,0.08324315420773476,11.520143049620911,False
pls_regressor,8100,3,0.7691729365493679,0.7156584844936232,0.05351445205574468,7.477652150468078,False
pls_regressor,8100,4,0.8045985347720309,0.7184912404750402,0.08610729429699071,11.984459857862666,False
pls_regressor,9050,0,0.7255935405526514,0.7148403581754019,0.010753182377249426,1.5042774591933286,False
pls_regressor,9050,1,0.7583543189163385,0.7224382787798476,0.03591604013649097,4.9715029216268665,False
pls_regressor,9050,2,0.7817978246077233,0.7256115545548514,0.05618627005287191,7.74329869751607,False
pls_regressor,9050,3,0.7250432242846799,0.7213024295451954,0.003740794739484521,0.5186166836902537,False
pls_regressor,9050,4,0.7659040112904296,0.7207111064489988,0.04519290484143079,6.2705991953002975,False
pls_regressor,10000,0,0.7129705530556744,0.7147021824116249,-0.0017316293559505036,-0.24228684318654994,True
pls_regressor,10000,1,0.7428353156732616,0.7261417013804964,0.01669361429276517,2.298947197362207,False
pls_regressor,10000,2,0.7792308238898632,0.728379667834363,0.05085115605550017,6.981407952626152,False
pls_regressor,10000,3,0.7170764521082335,0.7182146847400449,-0.0011382326318114533,-0.15848083532619947,True
pls_regressor,10000,4,0.7731994081256948,0.7182691019173929,0.05493030620830186,7.647594204131493,False
random_forest_regressor,500,0,0.8249753796001494,0.7544355428798748,0.07053983672027464,9.35001503919154,False
random_forest_regressor,500,1,0.8500699635509028,0.8265998888038291,0.023470074747073744,2.839351307080048,False
random_forest_regressor,500,2,1.1519099099320778,0.8648373041205988,0.287072605811479,33.19382783833382,False
random_forest_regressor,500,3,0.8117482922909327,0.7888258487062804,0.02292244358465234,2.9058940731019987,False
random_forest_regressor,500,4,1.2434178036719166,0.8423959813075784,0.40102182236433814,47.604906868366896,False
random_forest_regressor,1450,0,0.860999273641976,0.7762757452699466,0.08472352837202946,10.914102223117537,False
random_forest_regressor,1450,1,0.8778296696261921,0.7933048128282405,0.08452485679795163,10.654776755558677,False
random_forest_regressor,1450,2,0.9780669912552342,0.7673888070568167,0.21067818419841755,27.453903713612437,False
random_forest_regressor,1450,3,0.8997696002977092,0.7486036128196327,0.15116598747807652,20.193061439912952,False
random_forest_regressor,1450,4,0.794985477020935,0.7503421327933759,0.04464334422755911,5.949731765876019,False
random_forest_regressor,2400,0,0.8041034887984689,0.7470718830413634,0.05703160575710553,7.634018499655922,False
random_forest_regressor,2400,1,0.919468408022671,0.8141898275763542,0.10527858044631688,12.930471111350741,False
random_forest_regressor,2400,2,0.9962632741904252,0.7469361705774841,0.24932710361294108,33.379974545907594,False
random_forest_regressor,2400,3,0.8076666680277248,0.7463361984168061,0.0613304696109187,8.217539192259236,False
random_forest_regressor,2400,4,0.7982708873738865,0.7327670376537931,0.06550384972009338,8.939246220712464,False
random_forest_regressor,3350,0,0.8165919746163626,0.7501972609937201,0.06639471362264249,8.85030072419823,False
random_forest_regressor,3350,1,0.8699664089400867,0.7889946872469554,0.08097172169313127,10.26264473030439,False
random_forest_regressor,3350,2,0.936989913775447,0.7306262284001587,0.20636368537528837,28.244768303371732,False
random_forest_regressor,3350,3,0.8374915606072758,0.7318003813836657,0.10569117922361015,14.442624233643132,False
random_forest_regressor,3350,4,0.889180318627746,0.7261821980076885,0.16299812062005758,22.4458987107161,False
random_forest_regressor,4300,0,0.7874141921385206,0.7376234872981635,0.04979070484035708,6.750151764111409,False
random_forest_regressor,4300,1,0.8357476153099536,0.7624240352745236,0.07332358003542994,9.61716533621983,False
random_forest_regressor,4300,2,0.8709996478736693,0.722243368700474,0.14875627917319534,20.596420212324162,False
random_forest_regressor,4300,3,0.8330550590632247,0.7352756383565824,0.09777942070664236,13.298335427675742,False
random_forest_regressor,4300,4,0.8774961911378628,0.7408724631083753,0.13662372802948752,18.440924023046342,False
random_forest_regressor,5250,0,0.7785066790303585,0.7353370180318488,0.04316966099850972,5.870731370773987,False
random_forest_regressor,5250,1,0.8112713181068012,0.7565271883487279,0.0547441297580733,7.2362408914296035,False
random_forest_regressor,5250,2,0.912810299862541,0.7286382739778008,0.18417202588474024,25.27619430136487,False
random_forest_regressor,5250,3,0.8143738475045718,0.7256592784937047,0.08871456901086705,12.225375136802125,False
random_forest_regressor,5250,4,0.8652747578048882,0.7364618211686587,0.1288129366362295,17.490782676530596,False
random_forest_regressor,6200,0,0.8426766591034162,0.7364403833327078,0.10623627577070838,14.425645058999045,False
random_forest_regressor,6200,1,0.8408446241466779,0.7550400309870937,0.08580459315958422,11.364244230522251,False
random_forest_regressor,6200,2,0.8712638693185746,0.7182366694377457,0.1530271998808289,21.305957547478407,False
random_forest_regressor,6200,3,0.8054504764896298,0.7220034214159712,0.08344705507365857,11.557709090907734,False
random_forest_regressor,6200,4,0.8812731151407196,0.7313396162478831,0.14993349889283647,20.501213876812248,False
random_forest_regressor,7150,0,0.8268507323295029,0.72913675622457,0.09771397610493293,13.401323588580356,False
random_forest_regressor,7150,1,0.8152435506526542,0.7444444653321416,0.0707990853205126,9.510324626958553,False
random_forest_regressor,7150,2,0.8890509398010927,0.7148450651070385,0.17420587469405424,24.369738730443533,False
random_forest_regressor,7150,3,0.8033779958815873,0.7250749894477576,0.0783030064338297,10.799297668985659,False
random_forest_regressor,7150,4,0.8643288141007124,0.7256089556615349,0.13871985843917745,19.11771586566308,False
random_forest_regressor,8100,0,0.8367690681607639,0.7253428258675547,0.11142624229320919,15.361872802689755,False
random_forest_regressor,8100,1,0.8163410691684728,0.7345134518783581,0.08182761729011467,11.140383757555204,False
random_forest_regressor,8100,2,0.8884963097418954,0.7184873859119915,0.17000892382990396,23.66206104149038,False
random_forest_regressor,8100,3,0.7861123045963085,0.7159246743925233,0.07018763020378527,9.803773038461191,False
random_forest_regressor,8100,4,0.8356620404544333,0.7238240940203983,0.111837946434035,15.450984204303548,False
random_forest_regressor,9050,0,0.8435875688469691,0.717493962191747,0.12609360665522207,17.57416972123929,False
random_forest_regressor,9050,1,0.7960536842362288,0.7261023963653594,0.06995128787086935,9.633804849153995,False
random_forest_regressor,9050,2,0.8538552691171959,0.7184925271620893,0.13536274195510656,18.839826002055162,False
random_forest_regressor,9050,3,0.7924158754383693,0.7200910255475163,0.07232484989085308,10.043848253192904,False
random_forest_regressor,9050,4,0.8266130054859757,0.721838073511788,0.10477493197418775,14.515018785923974,False
random_forest_regressor,10000,0,0.818247655391174,0.713546426187226,0.10470122920394798,14.673359064162089,False
random_forest_regressor,10000,1,0.7912952415395321,0.7263977779701373,0.06489746356939485,8.934149516638916,False
random_forest_regressor,10000,2,0.8436602063439741,0.7179981559139387,0.12566205043003542,17.501723283687323,False
random_forest_regressor,10000,3,0.8042038520411803,0.7153916733917254,0.0888121786494549,12.414483135984758,False
random_forest_regressor,10000,4,0.8084818890725965,0.718828416372678,0.08965347269991852,12.472165910235455,False
svr_regressor,500,0,0.4716271118719556,0.4859487160428421,-0.014321604170886515,-2.947143123971933,True
svr_regressor,500,1,0.5025062607227608,0.5141034448551908,-0.011597184132429939,-2.2558075127655592,True
svr_regressor,500,2,0.5240088559460293,0.5401414149082198,-0.016132558962190457,-2.986728756011365,True
svr_regressor,500,3,0.4608699857897419,0.47269104014141955,-0.011821054351677629,-2.500799327218263,True
svr_regressor,500,4,0.5317299263887759,0.5422873897700602,-0.010557463381284271,-1.9468391816672759,True
svr_regressor,1450,0,0.48901014982989743,0.49798075624472077,-0.008970606414823334,-1.8013961990159604,True
svr_regressor,1450,1,0.48430012271708434,0.495528078423248,-0.01122795570616364,-2.2658566073370814,True
svr_regressor,1450,2,0.5246472738356819,0.43315735893719454,0.09148991489848735,21.121634669434968,False
svr_regressor,1450,3,0.39235903288086577,0.40756637963951914,-0.015207346758653373,-3.7312564329039697,True
svr_regressor,1450,4,0.433570245483444,0.4294403331280947,0.004129912355349263,0.9616964306231993,False
svr_regressor,2400,0,0.4273808017782344,0.4355803964317776,-0.008199594653543196,-1.8824526357736238,True
svr_regressor,2400,1,0.5144890257541981,0.5227037316150775,-0.008214705860879468,-1.5715797236605211,True
svr_regressor,2400,2,0.49935161160182845,0.41529545704234866,0.08405615455947979,20.240085253547182,False
svr_regressor,2400,3,0.38280847676972124,0.39577093197043656,-0.012962455200715317,-3.2752418516889947,True
svr_regressor,2400,4,0.4036045300823577,0.40414120065863407,-0.0005366705762763768,-0.1327928395822445,True
svr_regressor,3350,0,0.49190623198991257,0.4247731596712886,0.06713307231862398,15.804452515449663,False
svr_regressor,3350,1,0.47008679378332896,0.48029954506737005,-0.010212751284041088,-2.1263295768078603,True
svr_regressor,3350,2,0.48276611893657867,0.3974536291830834,0.08531248975349526,21.464765569972148,False
svr_regressor,3350,3,0.3689327632826311,0.38070314003609035,-0.011770376753459266,-3.0917466959540825,True
svr_regressor,3350,4,0.3897288445326157,0.38984483650378116,-0.00011599197116546334,-0.02975336859805717,True
svr_regressor,4300,0,0.3939749730087767,0.402199349601109,-0.008224376592332272,-2.0448507936397706,True
svr_regressor,4300,1,0.41773543471901964,0.4279659868191221,-0.010230552100102486,-2.3905058848581775,True
svr_regressor,4300,2,0.44377705710816484,0.3802551090055898,0.06352194810257505,16.705087347463166,False
svr_regressor,4300,3,0.37475387029477514,0.3859514105110277,-0.011197540216252577,-2.9012823664580525,True
svr_regressor,4300,4,0.41578042001302645,0.41732611850316614,-0.0015456984901396909,-0.37038144070246204,True
svr_regressor,5250,0,0.3806713543790962,0.3889230600795258,-0.008251705700429601,-2.1216807506200115,True
svr_regressor,5250,1,0.40319981835750485,0.4128649096178246,-0.00966509126031978,-2.3409815257165922,True
svr_regressor,5250,2,0.3682473332650224,0.38011287729918025,-0.011865544034157849,-3.1215843352811974,True
svr_regressor,5250,3,0.36125658646730135,0.3712977204119768,-0.010041133944675429,-2.704334929267596,True
svr_regressor,5250,4,0.400266823060787,0.4090108808814679,-0.00874405782068094,-2.137854572923937,True
svr_regressor,6200,0,0.3788126318748645,0.38696223013264414,-0.008149598257779611,-2.1060448858241454,True
svr_regressor,6200,1,0.4023801612814316,0.4116364199688279,-0.009256258687396268,-2.248649108379968,True
svr_regressor,6200,2,0.3564933079123037,0.3647734258653729,-0.00828011795306921,-2.2699345308463226,True
svr_regressor,6200,3,0.35535819555743264,0.36648537617922833,-0.011127180621795685,-3.0361868017221996,True
svr_regressor,6200,4,0.39354399061022377,0.3960798535882798,-0.002535862978056025,-0.6402403341352534,True
svr_regressor,7150,0,0.37047601052858586,0.37845436977392255,-0.007978359245336686,-2.1081429843451724,True
svr_regressor,7150,1,0.39091276404801745,0.3992271677038232,-0.008314403655805769,-2.0826247130490927,True
svr_regressor,7150,2,0.34731597250865487,0.35787580845569034,-0.010559835947035467,-2.950698453914331,True
svr_regressor,7150,3,0.3565653424609925,0.36689210058008875,-0.01032675811909628,-2.8146580705250304,True
svr_regressor,7150,4,0.37495409686795367,0.38357606510677456,-0.008621968238820887,-2.24778577787976,True
svr_regressor,8100,0,0.36065505852669855,0.3685583163342486,-0.00790325780755008,-2.14437104178177,True
svr_regressor,8100,1,0.3776675796196396,0.38601626932381133,-0.008348689704171741,-2.1627818223299826,True
svr_regressor,8100,2,0.35279558594338245,0.3627974569911763,-0.010001871047793875,-2.7568746293712674,True
svr_regressor,8100,3,0.3462075142061202,0.3561233063904799,-0.009915792184359673,-2.7843704712455035,True
svr_regressor,8100,4,0.3727152785974427,0.3809202866389445,-0.008205008041501816,-2.1539960798357103,True
svr_regressor,9050,0,0.3491371777786171,0.35655533966396236,-0.007418161885345276,-2.080507865156799,True
svr_regressor,9050,1,0.3634261144872566,0.3718843470743647,-0.008458232587108094,-2.2744255448365847,True
svr_regressor,9050,2,0.36574015659502945,0.36718248907995477,-0.0014423324849253127,-0.3928108032982046,True
svr_regressor,9050,3,0.35529545348927855,0.3645213434314246,-0.00922588994214607,-2.5309601504532164,True
svr_regressor,9050,4,0.3707853823182812,0.3789478955084854,-0.008162513190204224,-2.1539935402600614,True
svr_regressor,10000,0,0.34131967624596077,0.3485305128649133,-0.007210836618952554,-2.068925489386749,True
svr_regressor,10000,1,0.3637341006382014,0.3723775196022676,-0.00864341896406623,-2.3211441370838313,True
svr_regressor,10000,2,0.3620091588532455,0.36989539400409416,-0.00788623515084863,-2.1320176673412004,True
svr_regressor,10000,3,0.3468567491078523,0.35602922108431656,-0.009172471976464258,-2.576325602861679,True
svr_regressor,10000,4,0.36644014537283887,0.3744746256097744,-0.008034480236935537,-2.1455339527618515,True
xgboost_regressor,500,0,0.4172841012322148,0.4133849182548877,0.003899182977327109,0.9432330027393317,False
xgboost_regressor,500,1,0.45959865974891867,0.4483055109212026,0.011293148827716093,2.51907428140027,False
xgboost_regressor,500,2,0.4453282977723377,0.4395085226402395,0.005819775132098193,1.3241552398432057,False
xgboost_regressor,500,3,0.41448686804975815,0.4104351832016265,0.004051684848131676,0.9871680143320666,False
xgboost_regressor,500,4,0.4678175793410034,0.4647191187703525,0.003098460570650885,0.6667383469932152,False
xgboost_regressor,1450,0,0.39541365814002705,0.39278061073098613,0.0026330474090409117,0.6703608419317509,False
xgboost_regressor,1450,1,0.38993541925395714,0.3834962997616139,0.006439119492343215,1.6790564853809156,False
xgboost_regressor,1450,2,0.48094613597453106,0.3479617013322903,0.13298443464224075,38.21812404441764,False
xgboost_regressor,1450,3,0.3321619483329788,0.32962402663565005,0.002537921697328749,0.7699443888336577,False
xgboost_regressor,1450,4,0.3297760704658217,0.3290657526473544,0.0007103178184673098,0.21585893176447532,False
xgboost_regressor,2400,0,0.33915494718557604,0.335853239209038,0.0033017079765380597,0.983080581361625,False
xgboost_regressor,2400,1,0.3871076692958219,0.3826657532103435,0.004441916085478392,1.160782235727471,False
xgboost_regressor,2400,2,0.4107865522469943,0.33113377278956146,0.07965277945743282,24.054562235200603,False
xgboost_regressor,2400,3,0.3222609733470547,0.3203896214147823,0.001871351932272447,0.5840863146592881,False
xgboost_regressor,2400,4,0.3204493728582411,0.3209501424336296,-0.0005007695753885266,-0.15602721705975953,True
xgboost_regressor,3350,0,0.3346181220687594,0.3326379782796464,0.001980143789112987,0.5952849399079422,False
xgboost_regressor,3350,1,0.3469680090481989,0.343814962799585,0.0031530462486139,0.9170765061937862,False
xgboost_regressor,3350,2,0.3844009409877655,0.3047862298763698,0.07961471111139573,26.121492149986498,False
xgboost_regressor,3350,3,0.306551814950483,0.3059363754558311,0.0006154394946519259,0.20116584493587908,False
xgboost_regressor,3350,4,0.2870004041566371,0.2863952988250212,0.0006051053316158961,0.21128326271360937,False
xgboost_regressor,4300,0,0.30834323114958984,0.3068921163550597,0.0014511147945301395,0.4728419914349537,False
xgboost_regressor,4300,1,0.3013275956154427,0.29805321406577207,0.003274381549670635,1.0985895790233184,False
xgboost_regressor,4300,2,0.28617592499614564,0.28506814016304227,0.0011077848331033646,0.38860352211572174,False
xgboost_regressor,4300,3,0.30324203016374124,0.3026029281123679,0.0006391020513733525,0.2112015423512458,False
xgboost_regressor,4300,4,0.2984742801962932,0.2967403413271544,0.001733938869138807,0.5843286630270301,False
xgboost_regressor,5250,0,0.2953812967935929,0.29561492111478155,-0.0002336243211886746,-0.0790299489307452,True
xgboost_regressor,5250,1,0.27778813575005856,0.27525238613709613,0.0025357496129624346,0.9212452791233726,False
xgboost_regressor,5250,2,0.294755142297335,0.2777587286881425,0.016996413609192518,6.119128529089532,False
xgboost_regressor,5250,3,0.2871853923279687,0.28607781695624207,0.0011075753717266212,0.3871587750182091,False
xgboost_regressor,5250,4,0.2851757585042156,0.2835685567644062,0.0016072017398094385,0.5667771343015052,False
xgboost_regressor,6200,0,0.2865417609065407,0.28747806690500843,-0.0009363059984677236,-0.32569649870962425,True
xgboost_regressor,6200,1,0.28474585932692786,0.2827755181746412,0.00197034115228667,0.6967863289599894,False
xgboost_regressor,6200,2,0.2683419182064491,0.2672889483882616,0.001052969818187477,0.39394439034491696,False
xgboost_regressor,6200,3,0.26850533412435934,0.26846658094531395,3.8753179045392105e-05,0.014435010461613485,False
xgboost_regressor,6200,4,0.2698281553307164,0.26776255594532156,0.002065599385394856,0.7714295145198202,False
xgboost_regressor,7150,0,0.2747559398438568,0.27561566648195335,-0.0008597266380965252,-0.3119295245696122,True
xgboost_regressor,7150,1,0.2736338676716243,0.271334888721233,0.0022989789503912728,0.847284682491835,False
xgboost_regressor,7150,2,0.2597072776812655,0.2588201146123683,0.0008871630688971899,0.342772071724751,False
xgboost_regressor,7150,3,0.274046306304602,0.2737150501221182,0.00033125618248380784,0.12102227566077116,False
xgboost_regressor,7150,4,0.2661681983490597,0.26547510877326,0.0006930895757996658,0.261075164071833,False
xgboost_regressor,8100,0,0.2698257218883345,0.26970876375990627,0.00011695812842821285,0.0433646006891821,False
xgboost_regressor,8100,1,0.26457874520432767,0.26291779682922034,0.0016609483751073295,0.6317367615042839,False
xgboost_regressor,8100,2,0.2603818908008739,0.2604161165455998,-3.4225744725890905e-05,-0.013142713738263527,True
xgboost_regressor,8100,3,0.261083038567556,0.26100406546447485,7.897310308113692e-05,0.030257422596310445,False
xgboost_regressor,8100,4,0.25733349544726114,0.25592155512169446,0.0014119403255666851,0.5517082470428436,False
xgboost_regressor,9050,0,0.2542290503691095,0.25442354385342797,-0.000194493484318492,-0.07644476661740812,True
xgboost_regressor,9050,1,0.25860178958961527,0.2567173133135445,0.0018844762760707456,0.7340666867174321,False
xgboost_regressor,9050,2,0.26587651021683417,0.26623312279364486,-0.0003566125768106887,-0.13394748672466883,True
xgboost_regressor,9050,3,0.26327119161665385,0.26202659864666195,0.001244592969991909,0.4749872632855185,False
xgboost_regressor,9050,4,0.25175715297871193,0.25130114454110974,0.00045600843760218446,0.18145895771182496,False
xgboost_regressor,10000,0,0.25321409624724456,0.2534456301309541,-0.00023153388370955597,-0.09135445878073477,True
xgboost_regressor,10000,1,0.2569977607172334,0.2554286027668137,0.0015691579504197306,0.6143235070084336,False
xgboost_regressor,10000,2,0.2627515578779799,0.26201041807237624,0.0007411398056036411,0.2828665405964556,False
xgboost_regressor,10000,3,0.2535563254176846,0.25303679281784497,0.0005195325998396116,0.2053189949390524,False
xgboost_regressor,10000,4,0.24640570727427336,0.24613635035863832,0.0002693569156350384,0.10943402518261364,False
